Enkättext,Källa
Ditt arbete @ Har du befordrats/fått en högre tjänst under de två senaste åren?,
Har du fått en annan tjänsteposition de senaste två åren?,
Har du fått en förändrad tjänsteposition de senaste två åren?,
Har du fått en förändrad tjänsteposition under de senaste två åren?,
Har du fått en sämre position under de senaste två åren?,
"Har du krav på dig att vara uppdaterad i ditt arbete, t.ex. att ständigt lära dig nya saker och löpande ta in ny information?",
Har du tillräckligt med resurser för att klara av ditt arbete?,
Har du tillräckliga rättigheter att fatta beslut för att klara av ditt arbete?,
Har du kapacitet som inte tillvaratas i ditt arbete?,
Förekommer någon av följande risker eller hot för dig i ditt arbete? @ Risk för att du mot din vilja flyttas till annat arbete?,
Förekommer någon av följande risker eller hot för dig i ditt arbete? @ Risk för att du mot din vilja flyttas till annat arbete,
Förekom någon av följande risker eller hot för dig i ditt arbete innan du slutade arbeta? @ Risk för att du mot din vilja flyttas till annat arbete,
Förekommer någon av följande risker eller hot för dig i ditt arbete? @ Hot om permittering eller uppsägning?,
Förekom någon av följande risker eller hot för dig i ditt arbete innan du slutade arbeta? @ Hot om permittering eller uppsägning,
Kan du delvis själv bestämma när olika arbetsuppgifter skall göras (t ex genom att välja att jobba lite fortare vissa dagar och ta det lite lugnare andra dagar)?,
"Händer det att du är med och beslutar om uppläggningen av ditt arbete (t.ex. vad som skall göras, hur det skall göras eller vilka som skall arbeta tillsammans med dig)?",
"Har du möjlighet att få stöd och uppmuntran från chefer, när arbetet känns besvärligt?",
"Har du möjlighet att få stöd och uppmuntran från arbetskamrater, när arbetet känns besvärligt?",
Drar du dig för att på arbetsplatsen framföra kritiska synpunkter på dina arbetsförhållanden?,
Om synpunkter på arbetsförhållanden @ Drar du dig för att på arbetsplatsen framföra kritiska synpunkter på dina arbetsförhållanden?,
Kräver ditt arbete att du arbetar fort?,
Kräver ditt arbete att du arbetar mycket fort?,
Följande frågor gäller din senaste arbetsplats tiden strax innan du slutade arbeta: @ Krävde ditt arbete att du arbetade mycket fort?,
Om ditt arbete @ Kräver ditt arbete att du arbetar mycket fort?,
Om ditt förvärvsarbete @ Kräver ditt arbete att du arbetar mycket fort?,
"Om ditt förvärvsarbete (lönearbete) @ Om du inte arbetar för närvarande, vänligen besvara frågorna nedan med tanke på ditt senaste arbete. @ Kräver/krävde ditt arbete att du arbetar/arbetade mycket fort?",
Kräver ditt arbete att du arbetar mycket hårt?,
Följande frågor gäller din senaste arbetsplats tiden strax innan du slutade arbeta: @ Krävde ditt arbete att du arbetade mycket hårt?,
Om ditt arbete @ Kräver ditt arbete att du arbetar mycket hårt?,
Om ditt förvärvsarbete @ Kräver ditt arbete att du arbetar mycket hårt?,
"Om ditt förvärvsarbete (lönearbete) @ Om du inte arbetar för närvarande, vänligen besvara frågorna nedan med tanke på ditt senaste arbete. @ Kräver/krävde ditt arbete att du arbetar/arbetade mycket hårt?",
Kräver ditt arbete en för stor arbetsinsats?,
Om ditt arbete @ Kräver ditt arbete en för stor arbetsinsats?,
Om ditt förvärvsarbete @ kräver ditt arbete en för stor arbetsinsats?,
"Om ditt förvärvsarbete (lönearbete) @ Om du inte arbetar för närvarande, vänligen besvara frågorna nedan med tanke på ditt senaste arbete. @ Kräver/krävde ditt arbete en för stor arbetsinsats?",
Kräver ditt arbete att du ska leva dig in i andra människors situation?,
Om ditt arbete @ Kräver ditt arbete att du ska leva dig in i andra människors situation?,
Om ditt förvärvsarbete @ Kräver ditt arbete att du ska leva dig in i andra människors situation?,
Har du tillräckligt med tid för att hinna med arbetsuppgifterna?,
Följande frågor gäller din senaste arbetsplats tiden strax innan du slutade arbeta: @ Hade du tillräckligt med tid för att hinna med arbetsuppgifterna?,
Om ditt arbete @ Har du tillräckligt med tid för att hinna med arbetsuppgifterna?,
Om ditt förvärvsarbete @ Har du tillräckligt med tid för att hinna med arbetsuppgifterna?,
"Om ditt förvärvsarbete (lönearbete) @ Om du inte arbetar för närvarande, vänligen besvara frågorna nedan med tanke på ditt senaste arbete. @ Har/hade du tillräckligt med tid för att hinna med arbetsuppgifterna?",
Förekommer det motstridiga krav i ditt arbete?,
Följande frågor gäller din senaste arbetsplats tiden strax innan du slutade arbeta: @ Förekom det ofta motstridiga krav i ditt arbete?,
Om ditt arbete @ Förekommer det ofta motstridiga krav i ditt arbete?,
Om ditt förvärvsarbete @ Förekommer det ofta motstridiga krav i ditt arbete?,
"Om ditt förvärvsarbete (lönearbete) @ Om du inte arbetar för närvarande, vänligen besvara frågorna nedan med tanke på ditt senaste arbete. @ Förekommer/förekom det ofta motstridiga krav i ditt arbete?",
Får du lära dig nya saker i ditt arbete?,
Följande frågor gäller din senaste arbetsplats tiden strax innan du slutade arbeta: @ Fick du lära dig nya saker i ditt arbete?,
Om ditt arbete @ Får du lära dig nya saker i ditt arbete?,
Kräver ditt arbete skicklighet?,
Följande frågor gäller din senaste arbetsplats tiden strax innan du slutade arbeta: @ Krävde ditt arbete skicklighet?,
Om ditt arbete @ Kräver ditt arbete skicklighet?,
Om ditt förvärvsarbete @ Kräver ditt arbete skicklighet?,
"Om ditt förvärvsarbete (lönearbete) @ Om du inte arbetar för närvarande, vänligen besvara frågorna nedan med tanke på ditt senaste arbete. @ Kräver/krävde ditt arbete skicklighet?",
Kräver ditt arbete påhittighet?,
Följande frågor gäller din senaste arbetsplats tiden strax innan du slutade arbeta: @ Krävde ditt arbete påhittighet?,
Om ditt arbete @ Kräver ditt arbete påhittighet?,
Om ditt förvärvsarbete @ Kräver ditt arbete påhittighet?,
"Om ditt förvärvsarbete (lönearbete) @ Om du inte arbetar för närvarande, vänligen besvara frågorna nedan med tanke på ditt senaste arbete. @ Kräver/krävde ditt arbete påhittighet?",
Kräver ditt arbete stor social kompetens?,
Följande frågor gäller din senaste arbetsplats tiden strax innan du slutade arbeta: @ Krävde ditt arbete stor social kompetens?,
Om ditt arbete @ Kräver ditt arbete stor social kompetens?,
Om ditt förvärvsarbete @ Kräver ditt arbete stor social kompetens?,
Innebär ditt arbete att man gör samma sak om och om igen?,
Följande frågor gäller din senaste arbetsplats tiden strax innan du slutade arbeta: @ innebar ditt arbete att du gjorde samma sak om och om igen?,
Om ditt arbete @ Innebär ditt arbete att man gör samma sak om och om igen?,
Har du frihet att bestämma hur ditt arbete ska utföras?,
"Följande frågor gäller din senaste arbetsplats tiden strax innan du slutade arbeta: @ Hade du frihet att bestämma hur ditt arbete skulle
utföras?",
Om ditt arbete @ Har du frihet att bestämma hur ditt arbete ska utföras?,
"Om ditt förvärvsarbete (lönearbete) @ Om du inte arbetar för närvarande, vänligen besvara frågorna nedan med tanke på ditt senaste arbete. @ Har/hade du frihet att bestämma hur ditt arbete ska/skulle utföras?",
Har du frihet att bestämma vad som ska utföras i ditt arbete?,
"Följande frågor gäller din senaste arbetsplats tiden strax innan du slutade arbeta: @ Hade du frihet att bestämma vad som skulle
utföras i ditt arbete?",
Om ditt arbete @ Har du frihet att bestämma vad som ska utföras i ditt arbete?,
"Om ditt förvärvsarbete (lönearbete) @ Om du inte arbetar för närvarande, vänligen besvara frågorna nedan med tanke på ditt senaste arbete. @ Har/hade du frihet att bestämma vad som ska/skulle utföras i ditt arbete?",
Försätter ditt arbete dig i känslomässigt svåra situationer?,
Om ditt arbete @ Försätter ditt arbete dig i känslomässigt svåra situationer?,
Om känslomässiga krav @ Hamnar du genom ditt arbete i känslomässigt påfrestande situationer?,
Kräver ditt arbete att du själv måste skapa dina arbetsuppgifter?,
Finns det en dagordning och någon som håller i mötet på era sammanträden?,
Får du bekräftelse från din chef?,
"Talar du om för din chef vad du verkligen tänker, känner och vill?",
Finns det i ditt arbete utrymme för reflektion och eftertanke?,
Om ditt arbete @ Finns det i ditt arbete utrymme för reflektion och eftertanke?,
Om ditt förvärvsarbete @ Finns det i ditt arbete utrymme för reflektion och eftertanke?,
Brukar ni fika tillsammans i er arbetsgrupp?,
Kan du själv direkt avgöra om du gör ett bra arbete?,
"Har du så mycket att göra att du blir tvungen att dra in på luncher, arbeta över eller ta med jobb hem?",
"Har du så mycket att göra att du blir tvungen att dra in på luncher, arbetar över eller ta med jobb hem?",
"Händer det att du efter arbetet är för trött för eller saknar tid för familjen, vänner eller fritidsaktiviteter?",
"Händer det att du genom arbetet kommer i nära kontakt med svårt sjuka
eller människor med allvarliga problem?",
Har du möjlighet att själv bestämma din arbetstakt?,
Har du vissa tider så stressigt att du inte hinner prata om eller ens tänka på något annat än arbetet?,
"Är det någon del av tiden som du inte gör något annat än väntar och håller dig beredd, om något skulle inträffa?",
Kan du ta korta pauser i stort sett när som helst för att prata?,
Kräver arbetet hela din uppmärksamhet och koncentration?,
Hur fungerar samarbetet på er arbetsplats?,
Hur lätt skulle det vara för dig att utan att behöva flytta (byta bostad) få ett annat likvärdigt arbete?,
"Jämfört med de andra anställda på din arbetsplats, hur stor löneförhöjning fick du under det gångna året?",
Är du utsatt för våld eller hot om våld i ditt arbete?,
Följande frågor gäller din senaste arbetsplats tiden strax innan du slutade arbeta: @ Var du utsatt för våld eller hot om våld i ditt arbete de senaste 12 månaderna innan du slutade arbeta?,
Har du under de senaste 12 månaderna … @ … varit utsatt för våld eller hot om våld i ditt arbete?,
"Har du under de senaste 6 månaderna … @ … varit utsatt för våld eller hot om våld i ditt
arbete?",
Är du utsatt för personlig förföljelse genom elaka ord och handlingar från chefer eller arbetskamrater?,
Följande frågor gäller din senaste arbetsplats tiden strax innan du slutade arbeta: @ Var du utsatt för personlig förföljelse genom elaka ord och handlingar från chefer eller arbetskamrater de senaste 12 månaderna innan du slutade arbeta?,
Har du under de senaste 12 månaderna … @ … varit utsatt för personlig förföljelse genom elaka ord och handlingar från chefer eller arbetskamrater?,
Har du under de senaste 6 månaderna … @ … varit utsatt för personlig förföljelse genom elaka ord och handlingar från chefer eller arbetskamrater?,
"När du under de senaste två åren känt dig överkörd eller orättvist behandlad av din chef/dina chefer, hur har du då reagerat? @ Sagt ifrån direkt och tydligt visat mina känslor?",
Hur reagerar du vanligtvis om du blir orättvist behandlad eller råkar i konflikt med en arbetsledare/chef? @ Säger ifrån direkt och tydligt visar mina känslor?,
"När du under de senaste två åren känt dig överkörd eller orättvist behandlad av din chef/dina chefer, hur har du då reagerat? @ Föreslagit en kompromiss eller annan lösning?",
Hur reagerar du vanligtvis om du blir orättvist behandlad eller råkar i konflikt med en arbetsledare/chef? @ Föreslår en kompromiss eller annan lösning?,
"När du under de senaste två åren känt dig överkörd eller orättvist behandlad av din chef/dina chefer, hur har du då reagerat? @ Hållit tyst och ältat för mig själv?",
Hur reagerar du vanligtvis om du blir orättvist behandlad eller råkar i konflikt med en arbetsledare/chef? @ Håller tyst och ältar för mig själv?,
"När du under de senaste två åren känt dig överkörd eller orättvist behandlad av din chef/dina chefer, hur har du då reagerat? @ Tagit ut det på min familj/mina närmaste?",
"Hur reagerar du vanligtvis om du blir orättvist behandlad eller råkar i konflikt med en arbetsledare/chef? @ Tar ut det på min familj/mina
närmaste?",
"När du under de senaste två åren känt dig överkörd eller orättvist behandlad av dina arbetskamrater, hur har du då reagerat? @ Sagt ifrån direkt och tydligt visat mina känslor?",
Hur reagerar du vanligtvis om du blir orättvist behandlad eller råkar i konflikt med en arbetskamrat? @ Säger ifrån direkt och tydligt visar mina känslor?,
"När du under de senaste två åren känt dig överkörd eller orättvist behandlad av dina arbetskamrater, hur har du då reagerat? @ Föreslagit en kompromiss eller annan lösning?",
Hur reagerar du vanligtvis om du blir orättvist behandlad eller råkar i konflikt med en arbetskamrat? @ Föreslår en kompromiss eller annan lösning?,
"När du under de senaste två åren känt dig överkörd eller orättvist behandlad av dina arbetskamrater, hur har du då reagerat? @ Hållit tyst och ältat för mig själv?",
Hur reagerar du vanligtvis om du blir orättvist behandlad eller råkar i konflikt med en arbetskamrat? @ Håller tyst och ältar för mig själv?,
"När du under de senaste två åren känt dig överkörd eller orättvist behandlad av dina arbetskamrater, hur har du då reagerat? @ Tagit ut det på min familj/mina närmaste?",
"Hur reagerar du vanligtvis om du blir orättvist behandlad eller råkar i konflikt med en arbetskamrat? @ Tar ut det på min familj/mina
närmaste?",
På grund av den höga arbetsbelastningen arbetar jag ofta under stor tidspress,
Vilka av följande påståenden tycker du stämmer på dig? @ På grund av den höga arbetsbelastningen arbetar jag ofta under stor tidspress.,
Om din arbetssituation @ På grund av den höga arbetsbelastningen arbetar jag ofta under stor tidspress.,
Jag blir ofta avbruten och störd i mitt arbete,
Vilka av följande påståenden tycker du stämmer på dig? @ Jag blir ofta avbruten och störd i mitt arbete.,
Om din arbetssituation @ Jag blir ofta avbruten och störd i mitt arbete.,
Jag har fått allt mer att göra på arbetet under de senaste åren,
Vilka av följande påståenden tycker du stämmer på dig? @ Jag har fått allt mer att göra på arbetet under de senaste åren.,
Om din arbetssituation @ Jag har fått allt mer att göra på arbetet under de senaste åren.,
Jag får inte det erkännande av mina överordnade som jag förtjänar,
Vilka av följande påståenden tycker du stämmer på dig? @ Jag får det erkännande av mina överordnade som jag förtjänar.,
Om din arbetssituation @ Jag får det erkännande av mina överordnade som jag förtjänar.,
Möjligheterna till befordran inom mitt arbetsområde är små,
Vilka av följande påståenden tycker du stämmer på dig? @ Möjligheterna till befordran inom mitt arbetsområde är små.,
Om din arbetssituation @ Möjligheterna till befordran inom mitt arbetsområde är små.,
Jag upplever för närvarande eller förväntar mig en försämring i min arbetssituation,
Vilka av följande påståenden tycker du stämmer på dig? @ Jag upplever för närvarande eller förväntar mig en försämring i min arbetssituation.,
Om din arbetssituation @ Jag upplever för närvarande eller förväntar mig en försämring i min arbetssituation.,
Mitt arbete är hotat,
Vilka av följande påståenden tycker du stämmer på dig? @ Mitt arbete är hotat.,
Om din arbetssituation @ Mitt arbete är hotat.,
"Med tanke på den möda jag har lagt ned och allt jag har uträttat, så får jag i mitt arbete inte det erkännande som jag förtjänar",
"Följande påståenden gäller din senaste arbetsplats tiden strax innan du slutade arbeta: @ Med tanke på den möda jag lade ned och allt jag uträttade, så fick jag i mitt arbete inte det erkännande som jag förtjänade",
"Vilka av följande påståenden tycker du stämmer på dig? @ Med tanke på den möda jag har lagt ned och allt jag har uträttat, så får jag i mitt arbete det erkännande som jag förtjänar.",
"Om din arbetssituation @ Med tanke på den möda jag har lagt ned och allt jag har uträttat, så får jag i mitt arbete det erkännande som jag förtjänar.",
"Med tanke på den möda jag har lagt ned och allt jag har uträttat, är mina möjligheter att avancera inom yrkeslivet orimligt små",
"Vilka av följande påståenden tycker du stämmer på dig? @ Med tanke på den möda jag har lagt ned och allt jag har uträttat, är mina möjligheter att avancera inom yrkeslivet rimliga.",
"Om din arbetssituation @ Med tanke på den möda jag har lagt ned och allt jag har uträttat, är mina möjligheter att avancera inom yrkeslivet rimliga.",
"Med tanke på allt jag har uträttat, så har jag inte en rimlig lön",
"Följande påståenden gäller din senaste arbetsplats tiden strax innan du slutade arbeta: @ Med tanke på allt jag uträttade, så hade jag inte en rimlig lön",
"Vilka av följande påståenden tycker du stämmer på dig? @ Med tanke på allt jag har uträttat, har jag en rimlig lön.",
"Om din arbetssituation @ Med tanke på allt jag har uträttat, har jag en rimlig lön.",
Jag förväntas ta egna beslut och vara ansvarig för dem,
Hur är stämningen på din arbetsplats? @ Jag förväntas ta egna beslut och vara ansvarig för dem.,
På min arbetsplats bryr vi oss om varandra,
På min arbetsplats bryr vi oss om varandra.,
Hur är stämningen på din arbetsplats? @ På min arbetsplats bryr vi oss om varandra.,
På min arbetsplats råder inställningen att vi är utbytbara,
Hur är stämningen på din arbetsplats? @ På min arbetsplats råder inställningen att vi är utbytbara.,
Det är en lugn och behaglig stämning på min arbetsplats,
Följande påståenden gäller din senaste arbetsplats innan du slutade arbeta: @ Det var en lugn och behaglig stämning på min arbetsplats.,
Hur är stämningen på din arbetsplats? @ Det är en lugn och behaglig stämning på min arbetsplats.,
Det är god sammanhållning,
Följande påståenden gäller din senaste arbetsplats innan du slutade arbeta: @ Det var god sammanhållning.,
Hur är stämningen på din arbetsplats? @ Det är god sammanhållning.,
Mina arbetskamrater ställer upp för mig,
Följande påståenden gäller din senaste arbetsplats innan du slutade arbeta: @ Mina arbetskamrater ställde upp för mig.,
Hur är stämningen på din arbetsplats? @ Mina arbetskamrater ställer upp för mig.,
Man har förståelse för att jag kan ha en dålig dag,
"Följande påståenden gäller din senaste arbetsplats innan du slutade arbeta: @ Man hade förståelse för att jag kunde ha en dålig
dag.",
Hur är stämningen på din arbetsplats? @ Man har förståelse för att jag kan ha en dålig dag.,
Jag kommer bra överens med mina överordnade,
Följande påståenden gäller din senaste arbetsplats innan du slutade arbeta: @ Jag kom bra överens med mina överordnade.,
Hur är stämningen på din arbetsplats? @ Jag kommer bra överens med mina överordnade.,
Jag trivs med mina arbetskamrater,
Följande påståenden gäller din senaste arbetsplats innan du slutade arbeta: @ Jag trivdes med mina arbetskamrater.,
Hur är stämningen på din arbetsplats? @ Jag trivs med mina arbetskamrater.,
Det är ordning och reda på min arbetsplats,
Det finns tydliga regler och förhållningssätt på min arbetsplats,
Det är tydligt på min arbetsplats vem som gör vad,
Det är tydligt på min arbetsplats vilka avdelningar som gör vad,
Arbetet flyter på bra eftersom vi för det mesta vet vad vi ska göra,
Samarbetet mellan avdelningarna i min organisation är effektivt,
Ledningen låter oss anställda fatta egna beslut,
Hur är stämningen på din arbetsplats? @ Ledningen låter oss anställda fatta egna beslut.,
Det är klart vem som fattar beslut i olika frågor på min arbetsplats,
"Finns det planer på din arbetsplats att utöka verksamheten, skära ned eller lägga ned den helt?",
Hur stämmer detta in på dig? Använd gärna mellanstegen också! @ Jag tror att jag ibland försöker bevisa mitt värde genom arbete,
Hur stämmer nedanstående påståenden in på dig? Använd gärna mellanstegen också! @ Jag tror att jag ibland försöker bevisa mitt värde genom arbete,
Hur stämmer nedanstående påståenden in på dig? Använd gärna mellanstegen också! @ Jag tror att jag ibland försöker bevisa mitt värde genom att vara duktig,
Hur stämmer detta in på dig? Använd gärna mellanstegen också! @ Min självkänsla är alltför mycket beroende av vad jag åstadkommer i mitt arbete,
Hur stämmer nedanstående påståenden in på dig? Använd gärna mellanstegen också! @ Min självkänsla är alltför mycket beroende av vad jag åstadkommer i mitt arbete,
Hur stämmer nedanstående påståenden in på dig? Använd gärna mellanstegen också! @ Min självkänsla är alltför mycket beroende av vad jag åstadkommer i mina dagliga sysslor,
Hur stämmer detta in på dig? Använd gärna mellanstegen också! @ Jag känner ibland att jag måste vara lite bättre än andra för att duga inför mig själv,
Hur stämmer nedanstående påståenden in på dig? Använd gärna mellanstegen också! @Jag känner ibland att jag måste vara lite bättre än andra för att duga inför mig själv,
Hur stämmer nedanstående påståenden in på dig? Använd gärna mellanstegen också! @ Jag känner ibland att jag måste vara lite bättre än andra för att duga inför mig själv,
Hur stämmer detta in på dig? Använd gärna mellanstegen också! @ Jag har känt ett inre tvång att åstadkomma något värdefullt genom mitt arbete,
Hur stämmer nedanstående påståenden in på dig? Använd gärna mellanstegen också! @ Jag har känt ett inre tvång att åstadkomma något värdefullt genom mitt arbete,
Hur stämmer nedanstående påståenden in på dig? Använd gärna mellanstegen också! @ Jag har känt ett inre tvång att åstadkomma något värdefullt här i livet,
Vilka av följande påståenden tycker du stämmer på dig? Ange ett alternativ på varje fråga. @ I mitt arbete kommer jag ofta i tidsnöd,
Vilka av följande påståenden tycker du stämmer på dig? Ange ett alternativ på varje fråga. @ Det händer mig ofta att jag redan när jag vaknar börjar tänka på arbetsrelaterade problem,
Vilka av följande påståenden tycker du stämmer på dig? @ Det händer ofta att jag redan när jag vaknar börjar tänka på arbetsrelaterade problem.,
Vilka av följande påståenden tycker du stämmer på dig? Ange ett alternativ på varje fråga. @ När jag kommer hem kan jag lätt slappna av och ”koppla bort” arbetet,
Vilka av följande påståenden tycker du stämmer på dig? @ När jag kommer hem kan jag lätt slappna av och ”koppla bort” arbetet.,
Vilka av följande påståenden tycker du stämmer på dig? Ange ett alternativ på varje fråga. @ Mina närmaste säger att jag offrar för mycket för arbetet,
"Vilka av följande påståenden tycker du stämmer på dig? Ange ett alternativ på varje fråga. @ Jag blir sällan kvitt arbetet, även på kvällarna tänker jag på det",
"Vilka av följande påståenden tycker du stämmer på dig? @ Jag blir sällan kvitt arbetet, även på kvällarna tänker jag på det.",
Hur löser man i huvudsak meningsskiljaktigheter på din arbetsplats?,
Hur löste man i huvudsak meningsskiljaktigheter på din arbetsplats innan du slutade arbeta?,
Har du under de två senaste åren varit indragen i någon form av konflikt på din arbetsplats?,
Har du under de två senaste åren varit indragen i någon form av konflikt på din arbetsplats? @ Om ja: Vad handlade konflikten/konflikterna om? Du kan kryssa i flera alternativ.,
"Har du under de två senaste åren varit indragen i någon form av konflikt på din arbetsplats med… @ …chefer?/…arbetskamrater?/ … andra personer (t ex patienter, kunder, klienter, passagerare, elever)? @ Om ja: Vad handlade konflikten/konflikterna om? Du kan kryssa i flera alternativ.",
"Strax innan du slutade arbeta, var du indragen i någon form av konflikt på din arbetsplats med …. ? @ …chefer?/…arbetskamrater?/ … andra personer (t ex patienter, kunder, klienter, passagerare, elever)? @ Om ja: Vad handlade konflikten/konflikterna om? Du kan kryssa i flera alternativ. ",
Har du under de två senaste åren varit indragen i någon form av konflikt på din arbetsplats? @ Vilken betydelse anser du i stort att konflikten/konflikterna har haft?,
"Strax innan du slutade arbeta, var du indragen i någon form av konflikt på din arbetsplats med …. ? @ …chefer?/…arbetskamrater?/ … andra personer (t ex patienter, kunder, klienter, passagerare, elever)? @ Vilken betydelse anser du i stort att konflikten/konflikterna har haft?",
Har du under de två senaste åren varit indragen i någon form av konflikt på din arbetsplats? @ Pågår någon konflikt fortfarande?,
"Strax innan du slutade arbeta, var du indragen i någon form av konflikt på din arbetsplats med …. ? @ …chefer?/…arbetskamrater?/ … andra personer (t ex patienter, kunder, klienter, passagerare, elever)? @ Pågår någon konflikt fortfarande?",
Pågår någon konflikt fortfarande?,
Har du under de två senaste åren varit indragen i någon form av konflikt på din arbetsplats med … @ Pågår någon konflikt fortfarande?,
"Har du under de två senaste åren varit indragen i någon form av konflikt på din arbetsplats? @ På det hela taget, när det gäller konflikter du varit med om, hur har utgången av dessa varit för dig hittills?",
"Strax innan du slutade arbeta, var du indragen i någon form av konflikt på din arbetsplats med …. ? @ …chefer?/…arbetskamrater?/ … andra personer (t ex patienter, kunder, klienter, passagerare, elever)? @ På det hela taget, när det gäller konflikter du varit med om, hur har utgången av dessa varit för dig hittills?",
Känner din chef dig?,
Visar din chef omsorg om dig?,
"Om du inte har någon chef, fortsätt med fråga nr 33b @ Visar din chef omsorg om dig?",
Några ytterligare frågor om din chef. @ Visar din chef omsorg om dig?,
Lyssnar din chef på dig och tar in det du säger?,
"Om du inte har någon chef, fortsätt med fråga nr 33b @ Lyssnar din chef på dig och tar in det du säger?",
"Några ytterligare frågor om din chef. @ Lyssnar din chef på dig och tar in det du
säger?",
Om relationer till din chef. @ Lyssnar din chef på dig och tar in det du säger?,
Mer om din närmaste chef @ Lyssnar din chef på dig och tar in det du säger?,
Har du förtroende för ledningen?,
"Om du inte har någon chef, fortsätt med fråga nr 33b @ Har du förtroende för ledningen?",
Följande frågor gäller din senaste arbetsplats innan du slutade arbeta: @ Hade du förtroende för ledningen innan du slutade arbeta?,
"Vid varje beteende eller egenskap, kryssa för hur ofta din närmaste chef gör eller är på det sättet: @ Ärlig ( = talar och handlar sanningsenligt)",
"Vid varje beteende eller egenskap, kryssa för hur ofta din närmaste chef gör eller är på det sättet. @ Ärlig (=talar och handlar sanningsenligt)",
"Vid varje beteende eller egenskap, kryssa för hur ofta din närmaste chef gör eller är på det sättet: @ Positiv ( = generellt optimistisk och tillitsfull)",
"Vid varje beteende eller egenskap, kryssa för hur ofta din närmaste chef gör eller är på det sättet: @ Befallande ( = instruerar underordnade på ett bestämmande sätt)",
"Vid varje beteende eller egenskap, kryssa för hur ofta din närmaste chef gör eller är på det sättet: @ Rättvis ( = agerar i enlighet med vad som är rätt
eller rättvist)",
"Vid varje beteende eller egenskap, kryssa för hur ofta din närmaste chef gör eller är på det sättet. @ Rättvis (=agerar i enlighet med vad som är
rätt eller rättvist)",
"Vid varje beteende eller egenskap, kryssa för hur ofta din närmaste chef gör eller är på det sättet: @ Egoistisk ( = följer sina egna intressen)",
"Vid varje beteende eller egenskap, kryssa för hur ofta din närmaste chef gör eller är på det sättet: @ Ej delaktig ( = ovillig till gemensamma aktiviteter)",
"Vid varje beteende eller egenskap, kryssa för hur ofta din närmaste chef gör eller är på det sättet. @ Ej delaktig (=ovillig till gemensamma
aktiviteter)",
"Vid varje beteende eller egenskap, kryssa för hur ofta din närmaste chef gör eller är på det sättet: @ Elitistisk ( = anser att en liten grupp människor
med likartad bakgrund är överlägsna och skall åtnjuta privilegier)",
"Vid varje beteende eller egenskap, kryssa för hur ofta din närmaste chef gör eller är på det sättet. @ Elitistisk (=anser att en liten grupp
människor med likartad bakgrund är överlägsna och skall åtnjuta privilegier)",
"Vid varje beteende eller egenskap, kryssa för hur ofta din närmaste chef gör eller är på det sättet: @ Skapar laganda ( = förmåga att förmå gruppmedlemmar att arbeta tillsammans)",
"Vid varje beteende eller egenskap, kryssa för hur ofta din närmaste chef gör eller är på det sättet: @ Diktatorisk ( = tvingar på andra sina värderingar och åsikter)",
"Vid varje beteende eller egenskap, kryssa för hur ofta din närmaste chef gör eller är på det sättet: @ Uppriktig ( = menar vad man säger, rak)",
"Vid varje beteende eller egenskap, kryssa för hur ofta din närmaste chef gör eller är på det sättet: @ Integrerare ( = integrerar människor eller saker till en sammanhängande, fungerande helhet)",
"Vid varje beteende eller egenskap, kryssa för hur ofta din närmaste chef gör eller är på det sättet: @ ( = förtjänar förtroende, håller vad man lovar)",
"Vid varje beteende eller egenskap, kryssa för hur ofta din närmaste chef gör eller är på det sättet: @ Moralhöjare ( = ökar de underordnades moral genom uppmuntran, beröm och/eller genom att visa tillförsikt)",
"Vid varje beteende eller egenskap, kryssa för hur ofta din närmaste chef gör eller är på det sättet: @ Enväldig (=fattar beslut på ett diktatoriskt sätt)",
"Vid varje beteende eller egenskap, kryssa för hur ofta din närmaste chef gör eller är på det sättet: @ Asocial ( = undviker människor eller grupper, föredrar att vara för sig själv)",
"Vid varje beteende eller egenskap, kryssa för hur ofta din närmaste chef gör eller är på det sättet: @ Ensamvarg ( = arbetar för sig själv)",
"Vid varje beteende eller egenskap, kryssa för hur ofta din närmaste chef gör eller är på det sättet: @ Entusiastisk ( = visar och överför starka positiva känslor i arbetet)",
"Vid varje beteende eller egenskap, kryssa för hur ofta din närmaste chef gör eller är på det sättet: @ Informerad ( = kunnig, besitter relevant information)",
"Vid varje beteende eller egenskap, kryssa för hur ofta din närmaste chef gör eller är på det sättet: @ Entusiasmerande ( = mobiliserar, motiverar och aktiverar medarbetare)",
I vilken grad är du delaktig i beslutsfattande inom din organisation?,
Följande frågor gäller din senaste arbetsplats innan du slutade arbeta: @ I vilken grad var du delaktig i beslutsfattande inom din organisation?,
I vilken grad styrs det du gör i ditt arbete av organisationens mål och delmål?,
I vilken grad känner du att du har tillhörighet till din arbetsplats?,
vilken grad stämmer värdegrunden på din arbetsplats överens med din egen?,
I vilken grad stämmer värdegrunden på din arbetsplats överens med din egen?,
Följande påståenden rör beslutsfattandet i organisationen @ Besluten fattas på basis av korrekt information,
Följande påståenden rör beslutsfattandet i hela organisationen @ Besluten fattas på basis av korrekt information,
Följande påståenden rör beslutsfattandet i hela organisationen @ Besluten fattas på basis av korrekt information.,
Om beslutsfattandet i hela organisationen @ Besluten fattas på basis av korrekt information.,
Följande påståenden rör beslutsfattandet i organisationen @ Misslyckade beslut kan tas tillbaka eller ändras,
Följande påståenden rör beslutsfattandet i hela organisationen @ Misslyckade beslut kan tas tillbaka eller ändras,
Följande påståenden rör beslutsfattandet i hela organisationen @ Misslyckade beslut kan tas tillbaka eller ändras.,
Om beslutsfattandet i hela organisationen @ Misslyckade beslut kan tas tillbaka eller ändras.,
Följande påståenden rör beslutsfattandet i organisationen @ Alla parter är representerade vid beslutsfattandet,
Följande påståenden rör beslutsfattandet i hela organisationen @ Alla parter är representerade vid beslutsfattandet,
Följande påståenden rör beslutsfattandet i hela organisationen @ Alla parter är representerade vid beslutsfattandet.,
Om beslutsfattandet i hela organisationen @ Alla parter är representerade vid beslutsfattandet.,
Följande påståenden rör beslutsfattandet i organisationen @ Besluten är konsekventa (samma regler gäller för alla),
Följande påståenden rör beslutsfattandet i hela organisationen @ Besluten är konsekventa (samma regler gäller för alla),
Följande påståenden rör beslutsfattandet i hela organisationen @ Besluten är konsekventa (samma regler gäller för alla).,
Om beslutsfattandet i hela organisationen @ Besluten är konsekventa (samma regler gäller för alla).,
Följande påståenden rör beslutsfattandet i organisationen @ Alla har rätt att säga sin åsikt i ärenden som berör dem själva,
Följande påståenden rör beslutsfattandet i hela organisationen @ Alla har rätt att säga sin åsikt i ärenden som berör dem själva,
Följande påståenden rör beslutsfattandet i hela organisationen @ Alla har rätt att säga sin åsikt i ärenden som berör dem själva.,
Om beslutsfattandet i hela organisationen @ Alla har rätt att säga sin åsikt i ärenden som berör dem själva.,
Följande påståenden rör beslutsfattandet i organisationen @ Man följer upp konsekvenserna av besluten och informerar om dem,
Följande påståenden rör beslutsfattandet i hela organisationen @ Man följer upp konsekvenserna av besluten och informerar om dem,
Följande påståenden rör beslutsfattandet i hela organisationen @ Man följer upp konsekvenserna av besluten och informerar om dem.,
Om beslutsfattandet i hela organisationen @ Man följer upp konsekvenserna av besluten och informerar om dem.,
Följande påståenden rör beslutsfattandet i organisationen @ Vid behov kan man få närmare information om vad besluten baserar sig på,
Om beslutsfattandet i hela organisationen @ Vid behov kan man få närmare information om vad besluten baserar sig på,
På min arbetsplats har allas mening betydelse,
Följande påståenden rör arbetsplatsen @ På min arbetsplats har allas mening betydelse,
Följande påståenden rör arbetsplatsen. @ På min arbetsplats har allas mening betydelse.,
På min arbetsplats lyssnar ledningen på oss,
På min arbetsplats får vi den information vi behöver för att kunna vara delaktiga,
Följande påståenden rör arbetsplatsen @ På min arbetsplats får vi den information vi behöver för att kunna vara delaktiga,
På min arbetsplats deltar alla i diskussioner om framtiden,
Följande påståenden rör arbetsplatsen @ På min arbetsplats deltar alla i diskussioner om framtiden,
På min arbetsplats är alla med och påverkar,
Följande påståenden rör arbetsplatsen @ På min arbetsplats är alla med och påverkar,
På min arbetsplats får vi information i god tid före viktiga beslut,
Följande påståenden rör arbetsplatsen @ På min arbetsplats får vi information i god tid före viktiga beslut,
Följande påståenden rör arbetsplatsen. @ På min arbetsplats får vi information i god tid före viktiga beslut.,
På min arbetsplats vågar vi säga vår mening,
Följande påståenden rör arbetsplatsen @ På min arbetsplats vågar vi säga vår mening,
Följande påståenden rör arbetsplatsen. @ På min arbetsplats vågar vi säga vår mening.,
På min arbetsplats får vi vara med och styra förändringarna,
"Ny teknik och mera flexibla arbetsförhållanden har förändrat arbetslivet för många människor. Teknik kan vara till stor hjälp, men kan också leda till nya typer av stress. @ Skatta i vilken mån du är stressad av… @ ... alltför många telefonsamtal och epostmeddelanden?",
"Ny teknik och mera flexibla arbetsförhållanden har förändrat arbetslivet för många människor. Teknik kan vara till stor hjälp, men kan också leda till nya typer av stress. @ Skatta i vilken mån du är stressad av… @ ... krav på att alltid vara tillgänglig i arbetsfrågor både under arbetstid och på fritiden?",
"Ny teknik och mera flexibla arbetsförhållanden har förändrat arbetslivet för många människor. Teknik kan vara till stor hjälp, men kan också leda till nya typer av stress. @ Skatta i vilken mån du är stressad av… @ ... krav på att snabbt svara på e-post och telefonsamtal som medför mycket arbete?",
"Ny teknik och mera flexibla arbetsförhållanden har förändrat arbetslivet för många människor. Teknik kan vara till stor hjälp, men kan också leda till nya typer av stress. @ Skatta i vilken mån du är stressad av… @ ... att ständigt bli avbruten av telefon och e-post?",
"Ny teknik och mera flexibla arbetsförhållanden har förändrat arbetslivet för många människor. Teknik kan vara till stor hjälp, men kan också leda till nya typer av stress. @ Skatta i vilken mån du är stressad av… @ ... datorer och andra apparater som inte fungerar som de ska?",
Har din arbetsplats datoriserad mätning av din tidsanvändning och arbetsprestation?,
Hur ofta är du skyldig att lämna aktivitetsrapporter som innehåller uppgifter om tidsåtgång?,
Vilket alternativ stämmer bäst på din enskilda arbetsplats?,
Vilken alternativ stämmer bäst på din enskilda arbetsplats?,
Vilket alternativ stämmer bäst angående kontorsarbete?,
Arbetar du i grupp på annan plats än din enskilda arbetsplats (men inom kontorets väggar) mer än 20 % av din arbetstid? Du kan med andra ord sägas ha tillgång till mer än bara din enskilda arbetsplats (kombikontor). Till grupparbete räknas ej informationmöten med dagordning.,
"Fysisk arbetsmiljö @ Innebär ditt arbete att du vissa tider arbetar rent kroppsligt, dvs. du tar i mer med kroppen än man gör när man går och står och rör sig på vanligt sätt?",
Fysisk arbetsmiljö @ Måste du flera gånger om dagen lyfta minst 15 kg åt gången?,
Fysisk arbetsmiljö @ Hur stor del av arbetstiden arbetar du vid tangentbord till dator?,
Utsätts du för något av detta i ditt arbete? @ Störande eller tröttande ljud,
Utsätts du för något av detta i ditt arbete? @ Dåliga eller besvärande ljusförhållanden,
"Utsätts du för något av detta i ditt arbete? @ Vibrationer, som får hela kroppen att skaka och vibrera (från t.ex. traktor, truck eller andra arbetsmaskiner)",
"Utsätts du för något av detta i ditt arbete? @ Giftiga eller irriterande ämnen (t.ex. lösningsmedel, bekämpningsmedel eller plastkemikalier)",
"Utsätts du för något av detta i ditt arbete? @ Besvärande kyla, hetta eller drag",
Utsätts du för något av detta i ditt arbete? @ Infektionsrisk (t.ex. från sjuka patienter/klienter eller genom smittavfall),
Utsätts du för något av detta i ditt arbete? @ Påtagliga olycksrisker (t.ex. från farliga maskiner eller genom arbete på hög höjd),
Hur nöjd eller missnöjd är du med din lön i förhållande till dina arbetsuppgifter?,
Hur nöjd eller missnöjd är du med din lön/arbetsinkomst i förhållande till dina arbetsuppgifter?,
Hur nöjd eller missnöjd är du med dina nuvarande arbetsuppgifter?,
Hur angelägen är du att avancera till en högre befattning?,
"Om Du är egenföretagare, hoppa över denna fråga och fortsätt med nästa fråga @ Hur angelägen är du att avancera till en högre befattning?",
Om ditt huvudsakliga arbete @ I vilken grad är du angelägen att avancera till en högre befattning?,
Tycker du att du förtjänar att få en högre befattning?,
"Om Du är egenföretagare, hoppa över denna fråga och fortsätt med nästa fråga @ Tycker du att du förtjänar att få en högre befattning?",
Om ditt huvudsakliga arbete @ I vilken grad tycker du att du förtjänar att få en högre befattning?,
Tror du att du har möjlighet att få en högre befattning inom de närmaste två åren?,
"Om Du är egenföretagare, hoppa över denna fråga och fortsätt med nästa fråga @ Tror du att du har möjlighet att få en högre befattning inom de närmaste två åren?",
Om ditt huvudsakliga arbete @ I vilken grad tror du att du har möjlighet att få en högre befattning inom de närmaste två åren?,
"Det företag/den arbetsplats du arbetar på, är det den arbetsplats du önskar arbeta på i framtiden?",
Är det yrke du har idag det yrke du önskar ha i framtiden?,
Hur tycker du att dina kunskaper och färdigheter stämmer överens med ditt arbete? Tycker du att du är …,
"Innan du slutade arbeta, hur tyckte du att dina kunskaper och färdigheter stämde överens med ditt arbete? Tyckte du att du …",
"Förekommer kulturella aktiviteter (film, teater, konserter, utställningar) för de anställda på din arbetsplats",
Påverkar kraven från ditt hem/din familj ditt arbete på ett negativt sätt?,
Påverkar kraven i ditt arbete ditt hem- och familjeliv på ett negativt sätt?,
"Innan du slutade arbeta, påverkade kraven i ditt arbete ditt hem- och familjeliv på ett negativt sätt?",
Om förhållandet mellan arbete och hem- och familjeliv @ Påverkar kraven i ditt arbete ditt hem- och familjeliv på ett negativt sätt?,
Om förhållandet mellan arbete och hem- och familjeliv @ Påverkar kraven från ditt hem/din familj ditt arbete på ett negativt sätt?,
Har du tillräcklig tid för de sysslor som måste göras i hemmet?,
Har du börjat planera för att gå i pension? Räkna inte med pensionssparande när du svarar.,
"Du som är över 50 och inte pensionerad… @ Om du är under 50, fortsätt med nästa fråga @ Har du börjat planera för att gå i pension? Räkna inte med pensionssparande när du svarar.",
Du som är över 50 och inte pensionerad …. @ Har du börjat planera för att gå i pension? Räkna inte med pensionssparande när du svarar.,
Har du börjat planera för att gå i pension? @ Räkna inte med pensionssparande när du svarar.,
"Om du är förtidspensionär, vänligen fortsätt med fråga 14. Om du är ålders pensionär, vänligen fortsätt med fråga 23. @ Har du börjat planera för att gå i pension? Räkna inte med pensionssparande när du svarar.",
Om pensionering @ Har du börjat planera för att gå i pension? Räkna inte med pensionssparande när du svarar.,
"Om pensionering @ Om du är förtidspensionär, vänligen fortsätt med fråga 17. Om du är ålderspensionär, vänligen fortsätt med fråga 20. @ Har du börjat planera för att gå i pension? Räkna inte med pensionssparande när du svarar.",
"Om pensionering @ Om du är förtidspensionär, vänligen fortsätt med fråga 16. Om du är ålderspensionär, vänligen fortsätt med fråga 19. @ Har du börjat planera för att gå i pension? Räkna inte med pensionssparande när du svarar.",
"Finns det i ditt nuvarande arbete möjligheter att arbeta, heltid eller deltid, efter den ordinarie pensionsåldern?",
"Du som är över 50 och inte pensionerad… @ Om du är under 50, fortsätt med nästa fråga @ Finns det i ditt nuvarande arbete möjligheter att arbeta, heltid eller deltid, efter den ordinarie pensionsåldern?",
"Du som är över 50 och inte pensionerad …. @ Om du har en arbetsplats att gå tillbaka till, finns det då möjligheter att arbeta, heltid eller deltid, efter den ordinarie pensionsåldern?",
"Om du är förtidspensionär, vänligen fortsätt med fråga 14. Om du är ålders pensionär, vänligen fortsätt med fråga 23. @ Om du har en arbetsplats att gå tillbaka till, finns det då möjligheter att arbeta, heltid eller deltid, efter den ordinarie pensionsåldern?",
"Om pensionering @ Finns det i ditt nuvarande arbete möjligheter att arbeta, heltid eller deltid, efter den ordinarie pensionsåldern?",
"Om pensionering @ Om du har en arbetsplats att gå tillbaka till, finns det då möjligheter att arbeta, heltid eller deltid, efter den ordinarie pensionsåldern?",
"Om pensionering @ Om du är förtidspensionär, vänligen fortsätt med fråga 17. Om du är ålderspensionär, vänligen fortsätt med fråga 20. @ Om du har en arbetsplats just nu eller en att gå tillbaka till, finns det då möjligheter att arbeta där, heltid eller deltid, efter den ordinarie pensionsåldern?",
"Om pensionering @ Om du är förtidspensionär, vänligen fortsätt med fråga 16. Om du är ålderspensionär, vänligen fortsätt med fråga 19. @ Om du har en arbetsplats just nu eller en att gå tillbaka till, finns det då möjligheter att arbeta där, heltid eller deltid, efter den ordinarie pensionsåldern?",
Vid vilken ålder vill du pensionera dig (såsom du tänker idag)?,
Vid vilken ålder vill du pensionera dig?,
Vid vilken ålder tror du att du kommer att gå i pension (såsom du tror idag)?,
Vid vilken ålder tror du att du kommer att gå i pension?,
Hur stor är den arbetsgrupp du arbetar i?,
"Hur stor är den arbetsgrupp du arbetar i? @ Med arbetsgrupp menar vi en grupp som är tillsatt för att nå vissa arbetsmål, att producera varor eller tjänster.",
Hur många anställda är det på din nuvarande arbetsplats?,
"Hur många anställda finns på din arbetsplats, utöver dig själv?",
"Hur många anställda finns/fanns på din arbetsplats, utöver dig själv?",
Hur många arbetskamrater träffar du som regel en vanlig arbetsdag?,
Till vilken personalkategori hör du?,
Hör det till dina arbetsuppgifter att leda arbetet eller att dela ut arbete åt andra arbetstagare?,
Hör det till dina arbetsuppgifter att leda eller fördela andras arbete?,
Hör det till dina arbetsuppgifter att leda arbetet eller att dela ut arbete åt andra arbetstagare? @ Om ja: Hur många personer (ungefär) är direkt eller indirekt underställda dig?,
Hör det till dina arbetsuppgifter att leda eller fördela andras arbete? @ Hur många personer (ungefär) är direkt eller indirekt underställda dig?,
Är du anställd på heltid eller deltid?,
"Är du anställd på heltid eller deltid? @ Räkna alla arbeten om du har flera. Om du är egenföretagare med fast inkomst, räkna även din arbetstid i företaget, i annat fall räkna bara dina eventuella anställningar.",
"Om arbetstid @ Räkna alla arbeten om du har flera. Om du är egenföretagare med fast inkomst, räkna även din arbetstid i företaget, i annat fall räkna bara dina eventuella anställningar. @ Är du anställd på heltid eller deltid?",
"Är du anställd på heltid eller deltid? @ Deltid, ange hur många procent av heltid",
"Är du anställd på heltid eller deltid? @ Om deltid, hur många procent arbetar du?",
"Är du anställd på heltid eller deltid? @ Räkna alla arbeten om du har flera. Om du är egenföretagare med fast inkomst, räkna även din arbetstid i företaget, i annat fall räkna bara dina eventuella anställningar. @ Om deltid, hur många procent är du anställd på?",
Är du nöjd med din avtalsenliga arbetstid?,
Vilken typ av anställning har du?,
Vilken typ av anställning/arbete har du?,
Vilken typ av anställning/arbete har du? Du kan kryssa för fler än ett alternativ.,
Vilken eller vilka typer av anställningar och arbeten har du? Du kan kryssa för fler än ett alternativ.,
Vilken typ av anställningar och arbeten har du? Du kan kryssa för fler än ett alternativ.,
Har du i allmänhet möjlighet att inom vissa gränser bestämma dina arbetstider?,
Vilken är din huvudsakliga arbetsgivare?,
Vilken är din huvudsakliga arbetsgivare? Markera endast ett alternativ.,
Finns det på din arbetsplats en förståelse för kvinnliga medarbetare som har behov av minskad arbetstid under småbarnsåren?,
Finns det på din arbetsplats en förståelse för manliga medarbetare som har behov av minskad arbetstid under småbarnsåren?,
Vilken arbetstid har du vanligtvis? Markera endast ett alternativ,
Vilken arbetstid hade du vanligtvis innan du slutade arbeta?? Markera endast ett alternativ,
Kan du utan problem ta ledigt när du behöver det?,
Har stor del av din ordinarie arbetstid arbetar du vanligtvis i hemmet?,
Hur avlönas du? Markera endast ett alternativ,
Följande frågor gäller din arbetsplats/dina arbetsplatser under de två senaste åren: @ Har du bytt arbete?,
Följande frågor gäller din arbetsplats/dina arbetsplatser under de två senaste åren: @ Har du bytt jobb?,
Följande frågor gäller din arbetsplats/dina arbetsplatser under de två senaste åren: @ Har du bytt arbetsgrupp?,
Följande frågor gäller din arbetsplats/dina arbetsplatser under de två senaste åren: @ Har du bytt arbetsgrupp(er)?,
Följande frågor gäller din arbetsplats/dina arbetsplatser under de två senaste åren: @ Har du bytt chef?,
Följande frågor gäller din arbetsplats/dina arbetsplatser under de två senaste åren: @ Har du fått ny chef?,
Följande frågor gäller din arbetsplats/dina arbetsplatser under de två senaste åren: @ Har du fått väsentligt utökade arbetsuppgifter?,
Följande frågor gäller din arbetsplats/dina arbetsplatser under de senaste två åren: @ Har du fått väsentligt utökade arbetsuppgifter?,
Följande frågor gäller din arbetsplats under de senaste två åren innan du slutade arbeta @ Fick du väsentligt utökade arbetsuppgifter?,
Följande frågor gäller din arbetsplats/dina arbetsplatser och dina arbetsuppgifter under de senaste två åren: @ I vilken grad har du fått väsentligt utökade arbetsuppgifter?,
Under de senaste två åren: @ I vilken grad har du fått väsentligt utökade arbetsuppgifter?,
Följande frågor gäller din arbetsplats/dina arbetsplatser under de två senaste åren: @ Har du fått väsentligt minskade arbetsuppgifter?,
Följande frågor gäller din arbetsplats/dina arbetsplatser under de senaste två åren: @ Har du fått väsentligt minskade arbetsuppgifter?,
Följande frågor gäller din arbetsplats under de senaste två åren innan du slutade arbeta @ Fick du väsentligt minskade arbetsuppgifter?,
Följande frågor gäller din arbetsplats/dina arbetsplatser och dina arbetsuppgifter under de senaste två åren: @ I vilken grad har du fått väsentligt minskade arbetsuppgifter?,
Under de senaste två åren: @ I vilken grad har du fått väsentligt minskade arbetsuppgifter?,
Följande frågor gäller din arbetsplats/dina arbetsplatser under de två senaste åren: @ Har du fått väsentligt förändrade arbetsuppgifter?,
Följande frågor gäller din arbetsplats/dina arbetsplatser under de senaste två åren: @ Har du fått väsentligt förändrade arbetsuppgifter?,
Följande frågor gäller din arbetsplats/dina arbetsplatser och dina arbetsuppgifter under de senaste två åren: @ I vilken grad har du fått väsentligt annorlunda arbetsuppgifter?,
Under de senaste två åren: @ Har du fått väsentligt förändrade arbetsuppgifter?,
Följande frågor gäller din arbetsplats/dina arbetsplatser under de två senaste åren: @ Har det skett nyanställningar på arbetsplatsen?,
Följande frågor gäller din arbetsplats under de senaste två åren innan du slutade arbeta @ Skedde det nyanställningar på arbetsplatsen?,
Följande frågor gäller din arbetsplats/dina arbetsplatser under de senaste två åren: @ Har det skett nyanställningar på arbetsplatsen?,
Följande frågor gäller din arbetsplats/dina arbetsplatser och dina arbetsuppgifter under de senaste två åren: @ I vilken grad har det skett nyanställningar på arbetsplatsen?,
Under de senaste två åren: @ Har det skett nyanställningar på arbetsplatsen?,
Under de senaste två åren: @ I vilken grad har du fått väsentligt förändrade arbetsuppgifter?,
Följande frågor gäller din arbetsplats/dina arbetsplatser och dina arbetsuppgifter under de senaste två åren: @ I vilken grad har det skett nyanställningar på arbetsplatsen(/arbetsplatserna)?,
Följande frågor gäller din arbetsplats/dina arbetsplatser under de två senaste åren: @ Har det skett nedskärningar av personal?,
Följande frågor gäller din arbetsplats under de senaste två åren innan du slutade arbeta @ Skedde det nedskärningar av personal?,
Följande frågor gäller din arbetsplats/dina arbetsplatser under de senaste två åren: @ Har det skett nedskärningar av personal?,
Följande frågor gäller din arbetsplats/dina arbetsplatser och dina arbetsuppgifter under de senaste två åren: @ I vilken grad har det skett nedskärningar av personal?,
Under de senaste två åren: @ Har det skett nedskärningar av personal?,
Följande frågor gäller din arbetsplats/dina arbetsplatser under de två senaste åren: @ Har det gjorts omplaceringar?,
Följande frågor gäller din arbetsplats under de senaste två åren innan du slutade arbeta @ Gjordes det omplaceringar?,
Följande frågor gäller din arbetsplats/dina arbetsplatser under de senaste två åren: @ Har det gjorts omplaceringar?,
Följande frågor gäller din arbetsplats/dina arbetsplatser och dina arbetsuppgifter under de senaste två åren: @ I vilken grad har det gjorts omplaceringar?,
Under de senaste två åren: @ Har det gjorts omplaceringar?,
Följande frågor gäller din arbetsplats/dina arbetsplatser under de två senaste åren: @ Har din arbetsplats bytt ägare/huvudman?,
Följande frågor gäller din arbetsplats under de senaste två åren innan du slutade arbeta @ Bytte din arbetsplats ägare/huvudman?,
Följande frågor gäller din arbetsplats/dina arbetsplatser under de två senaste åren: @ Har din(a) arbetsplats(er) bytt ägare/huvudman?,
Följande frågor gäller din arbetsplats/dina arbetsplatser under de två senaste åren: @ Har det skett omorganisation(er) på din(a) arbetsplats(er)?,
Följande frågor gäller din arbetsplats/dina arbetsplatser under de två senaste åren: @ Har din arbetsgrupp (eller delar av den) slagits samman med en annan arbetsgrupp eller andra arbetsenheter?,
"Vad har du för närvarande för arbetstitel? (Ange t.ex. ""skomakare"", ""lagerförman"", ""sjuksköterska"" eller ""domprost"".)",
"Vad har du för yrke i grunden (om det skiljer sig från din arbetstitel)? (Ange t.ex. ""snickare"", ""bibliotekarie"", ""läkare"" eller ""fil.dr. i arkeologi"".)",
Hur bedömer du ditt allmänna hälsotillstånd?,
"Har du någon långvarig sjukdom, några besvär efter olycksfall, något handikapp eller annan svaghet?",
Har du eller har du haft någon eller några av följande långvariga och/eller allvarliga sjukdomar eller besvär under de senaste 2 åren? @ Fysiskt handikapp,
Har du eller har du haft någon eller några av följande långvariga och/eller allvarliga sjukdomar eller besvär under de senaste 2 åren och hur mycket påverkade det i så fall ditt liv? @ Fysiskt handikapp,
Först kommer några frågor om hur du känner dig efter arbetet så här års. Har du efter arbetet ont på något av följande ställen… @ ...övre delen av ryggen eller nacken?,
Har du ont på något av följande ställen...@ ...övre delen av ryggen eller nacken?,
Först kommer några frågor om hur du känner dig efter arbetet. Har du ont på något av följande ställen... @ ...övre delen av ryggen eller nacken?,
Först kommer några frågor om hur du känner dig efter arbetet så här års. Har du efter arbetet ont på något av följande ställen… @ ...nedre delen av ryggen?,
Har du ont på något av följande ställen...@ ...nedre delen av ryggen?,
Först kommer några frågor om hur du känner dig efter arbetet. Har du ont på något av följande ställen... @ ...nedre delen av ryggen?,
Först kommer några frågor om hur du känner dig efter arbetet så här års. Har du efter arbetet ont på något av följande ställen… @ ...axlar eller armar?,
Har du ont på något av följande ställen...@ ...axlar eller armar?,
Först kommer några frågor om hur du känner dig efter arbetet. Har du ont på något av följande ställen... @ ...axlar eller armar?,
"Har du under de senaste 3 månaderna… @ ...haft halsbränna, sura uppstötningar, sveda i maggropen eller orolig mage?",
Har du under de senaste 3 månaderna… @ ...varit trött och håglös?,
Har du under de senaste 3 månaderna haft följande sjukdomar eller besvär? @ Huvudvärk,
"Lite mer om jobbet så här års @ Händer det att du, när du kommer hem ifrån arbetet är uttröttad i kroppen?",
Lite mer om jobbet så här års @ Händer det att du inte kan koppla av tankarna från arbetet när du är ledig?,
Har du under de senaste 3 månaderna… @ ...haft problem med koncentrationen?,
Har du under de senaste 3 månaderna… @ ...haft svårt att fatta beslut?,
Har du under de senaste 3 månaderna… @ ...haft minnessvårigheter?,
Har du under de senaste 3 månaderna… @ ....haft svårt att tänka klart?,
Nedan följer ett antal påståenden om känslor som kan uppstå i samband med arbete. Läs igenom varje påstående och tänk efter om du har känt så om ditt arbete. Ange hur ofta du känt på dessa sätt i samband med ditt arbete. @ Jag känner mig känslomässigt tömd av mitt arbete,
Nedan följer ett antal påståenden om känslor som kan uppstå i samband med arbete. Läs igenom varje påstående och tänk efter om du har känt så om ditt arbete. Ange hur ofta du känt på dessa sätt i samband med ditt arbete. @ Jag känner mig känslomässigt tömd av mitt arbete.,
Nedan följer ett antal påståenden om känslor som kan uppstå i samband med arbete. Läs igenom varje påstående och tänk efter om du har känt så om ditt arbete. Ange hur ofta du känt på dessa sätt i samband med ditt arbete. @ Jag känner mig känslomässigt tömd,
Nedan följer ett antal påståenden om känslor som kan uppstå. Läs igenom varje påstående och tänk efter hur ofta du känt på dessa sätt. @ Ange hur ofta du känt på dessa sätt. @ Jag känner mig känslomässigt tömd.,
Nedan följer ett antal påståenden om känslor som kan uppstå. Ange hur ofta du känt på dessa sätt. @ Jag känner mig känslomässigt tömd.,
Nedan följer ett antal påståenden om känslor som kan uppstå i samband med arbete. Läs igenom varje påstående och tänk efter om du har känt så om ditt arbete. Ange hur ofta du känt på dessa sätt i samband med ditt arbete. @ Jag känner mig helt slut när arbetsdagen är över.,
Nedan följer ett antal påståenden om känslor som kan uppstå i samband med arbete. Läs igenom varje påstående och tänk efter om du har känt så om ditt arbete. Ange hur ofta du känt på dessa sätt i samband med ditt arbete. @ Jag känner mig helt slut när dagen är över,
Nedan följer ett antal påståenden om känslor som kan uppstå. Läs igenom varje påstående och tänk efter hur ofta du känt på dessa sätt. @ Ange hur ofta du känt på dessa sätt. @ Jag känner mig helt slut när arbetsdagen är över.,
Nedan följer ett antal påståenden om känslor som kan uppstå. Ange hur ofta du känt på dessa sätt. @ Jag känner mig trött när jag går upp på morgonen för att möta en ny arbetsdag,
Nedan följer ett antal påståenden om känslor som kan uppstå i samband med arbete. Läs igenom varje påstående och tänk efter om du har känt så om ditt arbete. Ange hur ofta du känt på dessa sätt i samband med ditt arbete. @ Jag känner mig trött när jag går upp på morgonen för att möta en ny arbetsdag.,
Nedan följer ett antal påståenden om känslor som kan uppstå i samband med arbete. Läs igenom varje påstående och tänk efter om du har känt så om ditt arbete. Ange hur ofta du känt på dessa sätt i samband med ditt arbete. @ Jag känner mig trött när jag går upp på morgonen för att möta en ny dag,
Nedan följer ett antal påståenden om känslor som kan uppstå. Läs igenom varje påstående och tänk efter hur ofta du känt på dessa sätt. @ Ange hur ofta du känt på dessa sätt. @ Jag känner mig trött när jag går upp på morgonen för att möta en ny dag.,
Nedan följer ett antal påståenden om känslor som kan uppstå. Ange hur ofta du känt på dessa sätt. @ Jag känner mig trött när jag går upp på morgonen för att möta en ny dag.,
Nedan följer ett antal påståenden om känslor som kan uppstå i samband med arbete. Läs igenom varje påstående och tänk efter om du har känt så om ditt arbete. Ange hur ofta du känt på dessa sätt i samband med ditt arbete. @ Att arbeta under en hel dag är verkligen påfrestande för mig.,
Nedan följer ett antal påståenden om känslor som kan uppstå i samband med arbete. Läs igenom varje påstående och tänk efter om du har känt så om ditt arbete. Ange hur ofta du känt på dessa sätt i samband med ditt arbete. @ Att arbeta under en hel dag skulle vara verkligen påfrestande för mig,
Nedan följer ett antal påståenden om känslor som kan uppstå. Läs igenom varje påstående och tänk efter hur ofta du känt på dessa sätt. @ Ange hur ofta du känt på dessa sätt. @ Att arbeta under en hel dag skulle vara verkligen påfrestande för mig.,
Nedan följer ett antal påståenden om känslor som kan uppstå. Ange hur ofta du känt på dessa sätt. @ Att arbeta under en hel dag skulle vara verkligen påfrestande för mig.,
Nedan följer ett antal påståenden om känslor som kan uppstå i samband med arbete. Läs igenom varje påstående och tänk efter om du har känt så om ditt arbete. Ange hur ofta du känt på dessa sätt i samband med ditt arbete. @ Jag känner mig utbränd av mitt arbete.,
Nedan följer ett antal påståenden om känslor som kan uppstå i samband med arbete. Läs igenom varje påstående och tänk efter om du har känt så om ditt arbete. Ange hur ofta du känt på dessa sätt i samband med ditt arbete. @ Jag känner mig utbränd,
Nedan följer ett antal påståenden om känslor som kan uppstå. Läs igenom varje påstående och tänk efter hur ofta du känt på dessa sätt. @ Ange hur ofta du känt på dessa sätt. @ Jag känner mig utbränd.,
Nedan följer ett antal påståenden om känslor som kan uppstå. Ange hur ofta du känt på dessa sätt. @ Jag känner mig utbränd.,
Hur bedömer du din arbetsförmåga när det gäller fysiska krav?,
Om arbetsförmåga @ Hur bedömer du din arbetsförmåga när det gäller fysiska krav?,
Har du av läkare informerats om att du @ ...har högt blodtryck?,
Har du eller har du haft någon eller några av följande långvariga och/eller allvarliga sjukdomar eller besvär under de senaste 2 åren? @ Högt blodtryck,
Har du eller har du haft någon eller några av följande långvariga och/eller allvarliga sjukdomar eller besvär under de senaste 2 åren och hur mycket påverkade det i så fall ditt liv? @ Högt blodtryck,
Har du av läkare informerats om att du @ ...har hjärtsjukdom?,
Har du eller har du haft någon eller några av följande långvariga och/eller allvarliga sjukdomar eller besvär under de senaste 2 åren? @ Hjärt- kärlsjukdom,
Har du eller har du haft någon eller några av följande långvariga och/eller allvarliga sjukdomar eller besvär under de senaste 2 åren och hur mycket påverkade det i så fall ditt liv? @ Hjärt- kärlsjukdom,
Har du av läkare informerats om att du @ ...har diabetes?,
Har du eller har du haft någon eller några av följande långvariga och/eller allvarliga sjukdomar eller besvär under de senaste 2 åren? @ Diabetes,
Har du eller har du haft någon eller några av följande långvariga och/eller allvarliga sjukdomar eller besvär under de senaste 2 åren och hur mycket påverkade det i så fall ditt liv? @ Diabetes,
Har du av läkare informerats om att du @ ...borde börja motionera?,
Hur lång är du? @ cm,
Hur mycket väger du? @ kg,
"Hur mycket väger du? Om du är gravid, fyll i din vikt innan du blev gravid @ kg",
Hur många gånger har du varit sjukskriven en vecka eller mindre under de senaste 12 månaderna? Räkna inte med vård av sjukt barn i ditt svar.,
Denna fråga gäller inte dig som varit pensionerad eller hemarbetande i mer än ett år. @ Hur många gånger har du varit sjukskriven en vecka eller mindre under de senaste 12 månaderna? Räkna inte med vård av sjukt barn i ditt svar.,
"Om sjukskrivning, sjuknärvaro och vård av sjukt barn @ Hur många gånger har du varit sjukskriven en vecka eller mindre under de senaste 12 månaderna? Räkna inte med vård av sjukt barn i ditt svar.",
Om sjukskrivning och vård av sjukt barn @ Hur många gånger har du varit sjukskriven en vecka eller mindre under de senaste 12 månaderna? Räkna inte med vård av sjukt barn i ditt svar.,
Om sjukskrivning @ Hur många gånger har du varit sjukskriven en vecka eller mindre under de senaste 12 månaderna? Räkna inte med vård av sjukt barn i ditt svar.,
Hur många gånger har du varit sjukskriven längre än en vecka under de senaste 12 månaderna? Räkna inte med vård av sjukt barn i ditt svar.,
Denna fråga gäller inte dig som varit pensionerad eller hemarbetande i mer än ett år. @ Hur många gånger har du varit sjukskriven längre än en vecka under de senaste 12 månaderna? Räkna inte med vård av sjukt barn i ditt svar.,
"Om sjukskrivning, sjuknärvaro och vård av sjukt barn @ Hur många gånger har du varit sjukskriven längre än en vecka under de senaste 12 månaderna? Räkna inte med vård av sjukt barn i ditt svar.",
Om sjukskrivning och vård av sjukt barn @ Hur många gånger har du varit sjukskriven längre än en vecka under de senaste 12 månaderna? Räkna inte med vård av sjukt barn i ditt svar.,
Om sjukskrivning @ Hur många gånger har du varit sjukskriven längre än en vecka under de senaste 12 månaderna? Räkna inte med vård av sjukt barn i ditt svar.,
Hur många gånger har du varit hemma för vård av sjukt barn under de senaste 12 månaderna?,
Denna fråga gäller inte dig som varit pensionerad eller hemarbetande i mer än ett år. @ Hur många gånger har du varit hemma för vård av sjukt barn under de senaste 12 månaderna?,
"Om sjukskrivning, sjuknärvaro och vård av sjukt barn @ Hur många gånger har du varit hemma för vård av sjukt barn under de senaste 12 månaderna?",
Om sjukskrivning och vård av sjukt barn @ Hur många gånger har du varit hemma för vård av sjukt barn under de senaste 12 månaderna?,
Om sjukskrivning @ Hur många gånger har du varit hemma för vård av sjukt barn under de senaste 12 månaderna?,
Hur många gånger under de senaste 12 månaderna har det hänt att du gått till arbetet trots att du ansett att du med tanke på ditt hälsotillstånd egentligen borde ha sjukskrivit dig?,
Denna fråga gäller inte dig som varit pensionerad eller hemarbetande i mer än ett år. @ Hur många gånger under de senaste 12 månaderna har det hänt att du gått till arbetet trots att du ansett att du med tanke på ditt hälsotillstånd egentligen borde ha sjukskrivit dig?,
"Om sjukskrivning, sjuknärvaro och vård av sjukt barn @ Hur många gånger under de senaste 12 månaderna har det hänt att du gått till arbetet trots att du ansett att du med tanke på ditt hälsotillstånd egentligen borde ha sjukskrivit dig?",
